id,full_name,credit_score,annual_income,employment_years,home_ownership
1,Borrower_1,682,17684.557718401687,7,MORTGAGE
2,Borrower_2,686,80960.81996685205,14,MORTGAGE
3,Borrower_3,651,52811.17082420503,2,MORTGAGE
4,Borrower_4,768,55164.03288649102,13,MORTGAGE
5,Borrower_5,600,28619.258760535802,16,RENT
6,Borrower_6,682,125931.13375587924,3,RENT
7,Borrower_7,701,59146.4831547702,17,RENT
8,Borrower_8,794,71523.09321490077,7,RENT
9,Borrower_9,667,73755.10962342411,3,RENT
10,Borrower_10,679,90783.32737947814,1,RENT
11,Borrower_11,731,51704.51703627401,29,MORTGAGE
12,Borrower_12,710,58987.492879352794,5,RENT
13,Borrower_13,729,62790.740176048064,21,RENT
14,Borrower_14,837,83477.06240582971,9,MORTGAGE
15,Borrower_15,771,55820.18109327838,3,RENT
16,Borrower_16,740,58888.6292939678,21,MORTGAGE
17,Borrower_17,601,41169.860990321344,28,RENT
18,Borrower_18,832,40571.00778162394,17,MORTGAGE
19,Borrower_19,815,96222.78210739554,25,MORTGAGE
20,Borrower_20,628,131982.58921987336,11,RENT
